question,ground_truth_answer
Why does the gypsy woman place a curse on Christine?,She won't extend her mortgage payment
Why does Christina deny the gypsy woman an extension on her mortgage payment?,To show her boss she can make tough decisions
Why was Stu fired?,Stu confessed to stealing Christine's work
Why does Christine decide not to give the envelope with the button in it to Stu?,Because he looked pathetic and panicky
"According to Rham Jas, how many days will the demon torment Christine before dragging her to hell?",3
Why did the couple visit medium Shaun San Dena in Pasadena in 1969?,Their son has been hearing voices from evil spirits. 
Why did Sylvia Ganush curse Christine?,"Christine denied an extension on Ganush's mortgage payment and ""shamed"" Ganush."
How much did Shaun San Dena ask to be paid to help Christine?,"$10,000.00"
Why did Christine dig up Ganush's grave?,She wanted to place the cursed button in Ganush's mouth. 
Why did Christine change her mind about giving the button to Stu?,Stu looked like she was breaking down emotionally. 
Why was Christine sent to Hell despite getting rid of the envelope?,She got rid of the wrong envelope. 
Why does Christine dig up Ganush's grave?,To place the cursed button in her mouth
How long will the demon torment Christine before it takes her to Hell?,3 days
How does Stephanie's initial interaction with the kitten reflect her character and foreshadow future events in the story?,"Stephanie's kindness towards the kitten highlights her compassionate nature, which contrasts with her later struggles and decisions influenced by the curse. Her willingness to save the kitten foreshadows her eventual fight against the evil that seeks to claim her."
In what ways does Stephanie's work environment contribute to her character development throughout the script?,"Stephanie's work environment, characterized by pressure from her boss and competition with her colleague Stu, drives her ambition and desire for a promotion. This tension pushes her to make difficult decisions, ultimately impacting her moral choices when faced with the curse."
How does the dialogue between Stephanie and Ellen reveal their relationship dynamics and set the tone for the challenges Stephanie faces?,The playful banter and supportive yet teasing nature of Stephanie's dialogue with Ellen reflect a close friendship that provides comic relief. This dynamic sets the tone for Stephanie's personal struggles as she balances her professional aspirations with her social life.
What significance does Mr. Jacks’ attitude towards animal allergies have in relation to the plot and Stephanie's actions?,"Mr. Jacks' allergies and his suspicion of animals create tension in the bank, leading to Stephanie's decision to hide the kitten. This reflects her internal conflict between her compassion and her desire to maintain her professional image, which is tested further by the curse."
How does the theme of ambition manifest in Stephanie's interactions with her boss and her pursuit of the Assistant Manager position?,"Stephanie's ambition is evident in her eagerness to impress Mr. Jacks and secure the promotion, driving her to navigate office politics and make sacrifices, which later complicate her moral choices when faced with the consequences of the curse."
What role does the setting of Southern California play in shaping the narrative and characters' experiences in the script?,"The sunny Southern California setting contrasts with the dark events that unfold, emphasizing the theme of appearance versus reality. It influences the characters' lifestyles and decisions, highlighting the superficiality of ambition and success."
How does the use of humor in the script impact the overall tone as Stephanie faces increasingly dire circumstances?,"Humor, particularly in Stephanie's interactions with Ellen and her boss, serves to lighten the mood and provide relief from the horror elements. This juxtaposition intensifies the tension as the audience witnesses Stephanie's descent into a more serious and threatening situation due to the curse."
In what ways does Stephanie's choice to save the kitten reflect broader themes of morality and consequence in the narrative?,"Stephanie's choice to save the kitten represents her inherent goodness and moral compass, which is later challenged by the curse. This act of kindness, while seemingly innocuous, sets off a chain reaction of consequences that underscore the theme of moral choices impacting one's destiny."
How does the relationship between Stephanie and her mother influence Stephanie's decisions regarding her career and personal life?,"Stephanie's desire to prove herself and gain her mother's approval drives her ambition and the pressure she feels to succeed. This familial expectation shapes her choices, leading to conflicts between her personal desires and the pursuit of professional success."
What is the significance of Stephanie's choice to ultimately prioritize her job over her personal relationships?,"Stephanie's prioritization of her job reflects her struggle with ambition and societal expectations, highlighting the theme of sacrifice. This decision leads to personal consequences, illustrating the tension between career aspirations and personal fulfillment."
How do the interactions between Stephanie and the Mexican couple represent broader societal issues within the script?,"The interactions with the Mexican couple highlight issues of immigration and bureaucracy, showcasing Stephanie's role in navigating these complexities. This subplot emphasizes the themes of empathy and the challenges faced by marginalized individuals in pursuit of the American dream."
What does the recurring motif of shoes symbolize in Stephanie's journey throughout the script?,The motif of shoes symbolizes Stephanie's desire for success and her struggle with identity. Her reluctance to part with her good shoes reflects her fear of losing her footing in both her career and personal life as the curse begins to unravel her stability.
In what ways does the kitten serve as a catalyst for Stephanie's character arc and the unfolding events of the story?,"The kitten acts as a catalyst for Stephanie's compassion and ultimately her downfall, as saving it leads to her involvement in the curse. This act sets the stage for her internal conflict between her inherent goodness and the dark forces she must confront."
How does the script's portrayal of the banking environment enhance the themes of ambition and competition?,"The banking environment serves as a microcosm for ambition and competition, where characters like Stephanie and Stu vie for recognition and success. This pressure amplifies the stakes of Stephanie's decisions and the consequences of her actions under the curse."
What impact does the initial lighthearted tone have on the audience's perception of Stephanie's character as the story progresses?,"The initial lighthearted tone allows the audience to connect with Stephanie's relatable struggles, creating a sense of empathy. As events become darker, this shift in tone enhances the emotional weight of her character's journey and the gravity of her situation."
How does Stephanie's decision to help the Mexican couple with their mortgage application reflect her character's values and ambitions?,"Stephanie's decision to assist the Mexican couple demonstrates her empathy and desire to succeed in her career, showcasing her ambition to rise in her profession while also highlighting her moral compass and willingness to support those in need."
What role does the contrast between Stephanie's personal life and her professional ambitions play in her interactions with other characters in the script?,"The contrast between Stephanie's personal life, characterized by her insecurities and relationship dynamics, and her professional ambitions creates tension in her interactions with characters like Ellen and Mr. Jacks, emphasizing her struggle to balance personal desires with career aspirations and societal expectations."
